[[{"location":"C:\\Program Files\\Java\\jre1.8.0_121","type":"JRE","hints":{"EXECUTION_ENVIRONMENT":"JavaSE-1.8"}},"jre:jre:1.8.0"],[{"location":"C:\\Users\\Delia\\.p2\\pool\\plugins\\org.eclipse.swt.win32.win32.x86_64_3.105.3.v20170228-0512.jar","type":"JAR","hints":{}},"org.eclipse.swt:org.eclipse.swt.win32.win32.x86_64:3.105.0"],[{"location":"C:\\Users\\Delia\\Desktop\\Ac labs\\Alexandra Andritoi\\com.btc.bl","type":"PROJECT","hints":{"PROJECT_NAME":"com.btc.bl"}},"com.btc.bl:com.btc.bl:1.0.0"]]