[[{"location":"C:\\Users\\Delia\\.p2\\pool\\plugins\\org.eclipse.jface_3.12.2.v20170113-2113.jar","type":"JAR","hints":{}},"org.eclipse.jface:org.eclipse.jface:3.8.102"],[{"location":"C:\\Users\\Delia\\.p2\\pool\\plugins\\org.eclipse.swt.win32.win32.x86_64_3.105.3.v20170228-0512.jar","type":"JAR","hints":{}},"org.eclipse.swt:org.eclipse.swt.win32.win32.x86_64:3.105.0"],[{"location":"C:\\Users\\Delia\\Desktop\\Ac labs\\Alexandra Andritoi\\com.btc.ligaac.ui","type":"PROJECT","hints":{"PROJECT_NAME":"com.btc.ligaac.ui"}},"com.btc.ligaac:com.btc.ligaac.ui:1.0.0"]]